-- phpMyAdmin SQL Dump
-- version 5.1.1
-- https://www.phpmyadmin.net/
--
-- Host: 127.0.0.1
-- Generation Time: May 29, 2022 at 12:31 PM
-- Server version: 10.4.22-MariaDB
-- PHP Version: 7.4.26

SET SQL_MODE = "NO_AUTO_VALUE_ON_ZERO";
START TRANSACTION;
SET time_zone = "+00:00";


/*!40101 SET @OLD_CHARACTER_SET_CLIENT=@@CHARACTER_SET_CLIENT */;
/*!40101 SET @OLD_CHARACTER_SET_RESULTS=@@CHARACTER_SET_RESULTS */;
/*!40101 SET @OLD_COLLATION_CONNECTION=@@COLLATION_CONNECTION */;
/*!40101 SET NAMES utf8mb4 */;

--
-- Database: `blog`
--

-- --------------------------------------------------------

--
-- Table structure for table `posts`
--

CREATE TABLE `posts` (
  `id` int(11) NOT NULL,
  `user_id` int(11) NOT NULL,
  `topic_id` int(11) DEFAULT NULL,
  `title` varchar(255) NOT NULL,
  `image` varchar(255) NOT NULL,
  `body` text NOT NULL,
  `published` tinyint(4) NOT NULL,
  `created_at` datetime NOT NULL DEFAULT current_timestamp()
) ENGINE=InnoDB DEFAULT CHARSET=utf8;

--
-- Dumping data for table `posts`
--

INSERT INTO `posts` (`id`, `user_id`, `topic_id`, `title`, `image`, `body`, `published`, `created_at`) VALUES
(19, 23, 5, 'Biografia di Cristiano Ronaldo', '1652954834_img2.jpg', '&lt;p&gt;Cristiano Ronaldo dos Santos Aveiro nasce il 5 febbraio 1985.&amp;nbsp;&lt;br&gt;&lt;br&gt;Il suo nome si deve alla fede cattolica della madre Maria Dolores dos Santos Aveiro, mentre il secondo nome, Ronaldo, &egrave; stato scelto in onore di Ronald Reagan, attore preferito del padre Jos&eacute; Dinis Aveiro, e allora Presidente degli Stati Uniti.&amp;nbsp;&lt;br&gt;&lt;br&gt;Cresciuto calcisticamente nel Nacional, nel 1997 approda allo Sporting Clube de Portugal, giocando per cinque anni nelle giovanili della squadra e dimostrando presto il proprio talento. Nel 2001, appena sedicenne, viene notato da G&eacute;rard Houllier, allenatore del Liverpool, ma l\'inesperienza e la giovane gli precludono un reale interessamento del club inglese.&amp;nbsp;&lt;br&gt;&lt;br&gt;Nello stesso anno Cristiano Ronaldo viene notato anche dall\'italiano Luciano Moggi che l\'avrebbe voluto alla Juventus, molto vicina all\'acquisto del giocatore; l\'affare per&ograve; sfuma.&amp;nbsp;&lt;br&gt;&lt;br&gt;Cristiano Ronaldo esordisce in prima squadra durante una gara contro l\'Inter valevole per il terzo turno preliminare della Champions League 2002-2003. Nella sua prima stagione allo Sporting collezioner&agrave; 25 presenze in campionato, di cui 11 da titolare.&amp;nbsp;&lt;br&gt;&lt;br&gt;Il 13 agosto 2003 si trasferisce in Inghilterra al Manchester United per 12,24 milioni di sterline, diventando cos&igrave; il teenager pi&ugrave; costoso nella storia del calcio inglese. Nel Manchester come nella nazionale portoghese gioca nel ruolo di centrocampista offensivo o ala. Con la Nazionale portoghese &egrave; stato vice-campione d\'Europa a Euro 2004.&amp;nbsp;&lt;br&gt;&lt;br&gt;Tra i migliori calciatori oggi in circolazione, &egrave; stato tra i protagonisti, nel 2008, del triplo successo del Manchester United in UEFA Champions League, Premier League e Coppa del Mondo per club FIFA. Gi&agrave; secondo nella classifica del Pallone d\'oro 2007, si &egrave; aggiudicato l\'edizione del 2008, terzo portoghese di sempre a vincere questo premio. Ha vinto anche la Scarpa d\'oro 2008 e il FIFA World Player.&amp;nbsp;&lt;br&gt;&lt;br&gt;Alla fine della stagione 2008/2009 viene ingaggiato dal Real Madrid per la cifra record di 93,5 milioni di euro: &egrave; il giocatore pi&ugrave; pagato di sempre. Nella vita privata &egrave; legato sentimentalmente con la supermodella russa Irina Shayk.&amp;nbsp;&lt;br&gt;&lt;br&gt;Nel 2016 trascina la nazionale alla vittoria del primo, storico, titolo europeo: purtroppo per lui nei primi minuti della finale contro la Francia &egrave; costretto ad abbandonare il campo causa infortunio; &egrave; comunque lui il primo della squadra ad alzare al cielo la coppa alla fine del match (1-0 ai tempi supplementari). Ai campionati mondiali di Russia 2018 il suo Portogallo esordisce contro la Spagna siglando una tripletta (3-3 finale).&amp;nbsp;&lt;br&gt;&lt;br&gt;Nel 2018 trascina la sua nazionale ai mondiali di Russia segnando una tripletta nella prima partita. Il Portogallo viene per&ograve; eliminato dall\'Uruguay dell\'amico Edinson Cavani negli ottavi di finale. Pochi giorni dopo fa sapere che la sua intenzione &egrave; quella di venire a giocare in Italia, con la maglia della Juventus: l\'affare si conclude pochi giorni pi&ugrave; tardi.&amp;nbsp;&lt;br&gt;&lt;br&gt;Nel mese di aprile 2019 con la vittoria dell\'ottavo scudetto consecutivo della Juventus, Ronaldo diventa il primo giocatore al mondo ad aver vinto un titolo nazionale con la propria squadra nei paesi pi&ugrave; importanti del calcio (primi tre paesi del ranking UEFA): Inghilterra, Spagna, Italia.&amp;nbsp;&lt;br&gt;&lt;br&gt;Il primo figlio di Ronaldo si chiama Cristiano Jr. ed &egrave; nato nel 2010 da madre surrogata; della donna non &egrave; mai stata rivelata l\'identit&agrave;. Ha poi avuto due gemelli nel mese di giugno del 2017: Eva Maria e Mateo; anche loro sono nati da una madre surrogata, pare residente negli USA; come il precedente, anche in questo caso per&ograve; non si hanno altre informazioni. Sempre nel 2017, il 12 novembre, nasce una quarta figlia: a dare alla luce Alana Martina &egrave; la sua fidanzata Georgina Rodriguez, modella spagnola.&lt;/p&gt;', 1, '2022-05-19 12:06:47'),
(20, 23, 6, 'Devi credere che le cose andranno meglio', '1652954869_img1.jpg', '&lt;p&gt;Molte volte mi sono imbattuto in casi in cui alcune persone disprezzano la pratica di impostare risoluzioni di Capodanno. La loro ragione per questo va qualcosa come questo: La stessa parola risoluzione &egrave; un\'indicazione di una qualche forma di conflitto interno che scaturisce da un\'inefficace autogoverno in una persona. Significa che l\'individuo sta conducendo una lotta contro qualcosa di indesiderabile nella loro vita; o sta prendendo una decisione consapevole di perseguire alcuni ideali che prima erano assenti nella loro vita. Non dovresti perseguire questi ideali ogni giorno della tua vita? Non dovrebbe essere lo stato di default della tua vita? Perch&eacute; aspettare un nuovo anno prima di prendere una decisione per migliorare la tua vita? Queste persone evitano anche le risoluzioni del nuovo anno o disprezzano la pratica perch&eacute; per loro, l\'esperienza ha dimostrato di essere inefficace. Non sono del tutto d\'accordo con queste persone. Non sto sostenendo la pratica di risoluzioni nuovo anno sia. Ma preferirei consigliare a una persona di impostare nuove risoluzioni anno che finir&agrave; per abbandonare entro la fine di gennaio che consigliare loro di sonnambulismo attraverso la loro vita per tutto l\'anno. Per lo meno, l\'impostazione di nuovi risoluzioni anno significa che avete ancora un interesse a rendere la vostra vita migliore, e che &egrave; un buon punto di partenza. Avete solo bisogno di una strategia migliore rispetto alle risoluzioni del nuovo anno, che &egrave; quello che porto sul tavolo oggi. Io la chiamo la sfida dei 12 mesi. Questa sfida &egrave; semplice: Alla fine dell\'anno, scrivere e pubblicare un articolo in cui si elenca 12 dei vostri pi&ugrave; orgogliosi, pi&ugrave; compiendo realizzazioni da ciascuno dei 12 mesi di quell\'anno. Sii molto severo con le regole della sfida: scegli un solo risultato al mese.&amp;nbsp;&lt;br&gt;&lt;br&gt;Siete liberi di realizzare il maggior numero di cose in un mese, come si pu&ograve;, ma scegliere solo uno da aggiungere alla lista per ogni mese particolare. Pubblica questo articolo sul tuo blog (se ne hai uno), sul tuo profilo Linkedin e su qualsiasi piattaforma di social media; condividilo con la tua stretta rete di familiari fidati, amici, colleghi e mentori. &Egrave; molto importante che condivida l\'articolo con un pubblico il pi&ugrave; ampio possibile se i contenuti non sono troppo privati. Condividere un articolo del genere pu&ograve; aiutarti a connetterti con altri individui con interessi, sogni e piani condivisi per il futuro. E tali connessioni possono aprire le porte a voi e a molte altre persone che non sapevate esistessero. Soprattutto, se sai che stai preparando l\'articolo per condividerlo con altre persone, &egrave; pi&ugrave; probabile che tu lo prenda molto seriamente. Una cosa che ho quasi evitato di menzionare &egrave; la natura di queste realizzazioni. Sto evitando questo aspetto della sfida perch&eacute; non posso davvero dirvi che cosa si dovrebbe mirare a realizzare nella vostra vita, al fine di sentirsi soddisfatti. Dovrete farlo da soli, perch&eacute; solo voi potete farlo al meglio. &Egrave; il vostro scopo. Forse pensate di non saperlo ancora, ma a un livello pi&ugrave; profondo lo sapete. Posso solo dirti cosa funziona per me: ho alcune domande che di solito mi pongo quando sento che non sto vivendo una vita appagante in qualsiasi momento della mia vita. In questi momenti mi chiedo: Se dovessi essere diagnosticato con il cancro terminale ed dato soltanto 6 mesi per vivere, come spenderei quel tempo? Che cose apprezzerei la maggior parte? Cosa rimpiangerei di non aver fatto? Per me, le risposte a tali domande immediatamente e inequivocabilmente spiccano nella mia mente: Mi dispiacerebbe non prendersi cura dei miei genitori meglio di quello che sto facendo. Hanno faticato e sporcato troppo per me di essere ordinario. Vorrei piangere nel mio spirito in tutti quegli anni mi sentivo timido e si stabil&igrave; per molto meno di quanto valgo. &amp;nbsp;&lt;br&gt;&lt;br&gt;Rimpiangerei la mia passivit&agrave; nelle relazioni con tutte quelle persone straordinarie che una volta sono state presenti nella mia vita e se ne sono andate a causa del mio apparente disinteresse. Avrei potuto ingoiare il mio orgoglio e rischiare di esporre le mie insicurezze, le mie stranezze e le mie carenze in generale. Nasconderli mi ha solo fatto sembrare disinteressata. Rimpiangerei tutte quelle ore che ho sprecato sentendomi annoiato quando avrei potuto creare un blog per esplorare la mia passione per la scrittura. Avrei potuto leggere sempre pi&ugrave; libri. Rimpiangerei di non aver mai fatto alcun passo verso la realizzazione di tutti quei side project che continuavo a concepire giorno dopo giorno nella mia mente. E molti altri ancora... Quando ti poni le domande di cui sopra, le risposte appariranno quasi immediatamente e ti riempiranno di una nuova vitalit&agrave; e entusiasmo verso i tuoi obiettivi di vita. Ora supponiamo che il vostro tempo d\'ora in poi sia limitato e prezioso come potrebbe essere se la supposizione di cui sopra sul cancro fosse reale. Poi inizia a lavorare su questi progetti un mese alla volta. Inizia a vivere la tua vita un mese alla volta.&lt;/p&gt;', 1, '2022-05-19 12:07:49'),
(21, 23, 2, '5 Vantaggi se alloggi da persone del posto', '1652955211_img5.jpg', '&lt;p&gt;Ci sono cose che in&amp;nbsp;albergo non vivrai mai. Ma se credi che usare gli home-stay o gli airbnb vuol dire stare &ldquo;a casa&rdquo; della gente, ti sbagli di grosso. Solo &lt;strong&gt;quando ti ospitano non per profitto&lt;/strong&gt;&amp;nbsp;potrai fare un&rsquo;&lt;strong&gt;esperienza sincera&lt;/strong&gt;.&lt;br&gt;Leggi fino in fondo per scoprie &lt;strong&gt;come fare&lt;/strong&gt;.&lt;/p&gt;&lt;p&gt;&amp;nbsp;&lt;/p&gt;&lt;h2&gt;&lt;strong&gt;1. Cibo fatto in casa&lt;/strong&gt;&lt;/h2&gt;&lt;figure class=&quot;image&quot;&gt;&lt;img src=&quot;http://it.thebutterflyhunter.net/wp-content/uploads/2016/02/noodles-ba-b%C3%A9-1024x530.jpg&quot; alt=&quot;&quot; srcset=&quot;http://it.thebutterflyhunter.net/wp-content/uploads/2016/02/noodles-ba-b&eacute;-1024x530.jpg 1024w, http://it.thebutterflyhunter.net/wp-content/uploads/2016/02/noodles-ba-b&eacute;-300x155.jpg 300w, http://it.thebutterflyhunter.net/wp-content/uploads/2016/02/noodles-ba-b&eacute;-768x398.jpg 768w, http://it.thebutterflyhunter.net/wp-content/uploads/2016/02/noodles-ba-b&eacute;.jpg 1080w&quot; sizes=&quot;100vw&quot; width=&quot;720&quot;&gt;&lt;/figure&gt;&lt;p&gt;&Egrave; ovvio. Se vuoi davvero sapere &lt;strong&gt;come mangia la gente&lt;/strong&gt; di un paese a casa, &lt;strong&gt;devi andare a casa loro&lt;/strong&gt;! Non basta il ristorante con scritto &ldquo;cucina casalinga&rdquo;. E poi vuoi mettere &lt;strong&gt;mettersi intorno al tavolo&lt;/strong&gt;, (o per terra &ndash; mi &egrave; capitato ad es. in &lt;a href=&quot;http://it.thebutterflyhunter.net/essere-un-turista-o-un-viaggiatore/&quot;&gt;Vietnam&lt;/a&gt;) &lt;strong&gt;insieme ai membri della famiglia&lt;/strong&gt;! Non dimenticher&ograve; mai l&rsquo;abbondanza del &lt;strong&gt;pasto tailandese mangiato&lt;/strong&gt; a casa di Sky, insieme a sua mamma e altri due viaggiatori: il &lt;strong&gt;riso al gelsomino&lt;/strong&gt; era coltivato dal &lt;strong&gt;fratello contadino&lt;/strong&gt;. Il mio benvenuto a Varsavia &egrave; stato il&amp;nbsp;&lt;strong&gt;tartare steak polacco&lt;/strong&gt;&amp;nbsp;preparato Joanna.&amp;nbsp;Quando ero ospite da Susanto &lt;strong&gt;a Sulawesi&lt;/strong&gt; la sua &ldquo;tata&rdquo; cucinava in modo divino, la sua &lt;i&gt;sambal kacang&lt;/i&gt; &ndash; &lt;strong&gt;la tipica salsa di arachidi piccante&lt;/strong&gt; &ndash; era una droga!, potevi metterla su qualsiasi cosa e la rendeva deliziosa!&lt;/p&gt;&lt;h2&gt;&lt;strong&gt;2. Conoscere le usanze del paese&lt;/strong&gt;&lt;/h2&gt;&lt;p&gt;Quando sei in un a casa in cui al gente vive (e non solo la &ldquo;affitta&rdquo; come in homestay o airbnb) &lt;strong&gt;scopri cose spesso nascoste ai turisti&lt;/strong&gt;.&lt;br&gt;In molti paesi in casa si entra solo scalzi. Ai tropici spesso &lt;strong&gt;la doccia si fa solo&hellip; con il secchio&lt;/strong&gt;. Dormire per terra a volte non &egrave; solo per mancanza di letti. Si mangia con le bacchette, con le mani o &lt;strong&gt;con cucchiaio e forchetta insieme!&lt;/strong&gt; In vari paesi &lt;strong&gt;non c&rsquo;&egrave; la carta igenica in bagno&lt;/strong&gt;, ma una bacinella d&rsquo;acqua o (in quelle attrezzate) un rubinetto con un tubo.&lt;/p&gt;&lt;figure class=&quot;image&quot;&gt;&lt;img src=&quot;http://it.thebutterflyhunter.net/wp-content/uploads/2019/07/wc.gif&quot; alt=&quot;&quot;&gt;&lt;/figure&gt;&lt;h2&gt;&lt;strong&gt;3. Quartieri non turistici&lt;/strong&gt;&lt;/h2&gt;&lt;p&gt;Gli alberghi sono in genere in centro o vicini a luoghi d&rsquo;interesse. Certo per il turista la comodit&agrave; &egrave; importante. Ma&lt;strong&gt; la quotidianit&agrave; pu&ograve; essere affascinante&lt;/strong&gt;. Ero in ospite&amp;nbsp;&lt;strong&gt;a Manadu&lt;/strong&gt; in Indonesia il giorno della festa nazionale (17 agosto). Mentre tornavo a casa&lt;strong&gt;&amp;nbsp;ho trovato una folla di gente per strada che si divertiva &lt;/strong&gt;con giochi tradizionali &ndash; cose che facevano i nostri nonni -, &lt;strong&gt;come la corsa nei sacchi&lt;/strong&gt;. Quando mi hanno visto passare si sono fermati e hanno voluto farmi una foto.&lt;/p&gt;&lt;p&gt;A Edmonton in &lt;strong&gt;North Carolina&lt;/strong&gt; la casa &ndash; anzi una villa &ndash; in cui eravamo &lt;strong&gt;si affacciava su uno swamp&lt;/strong&gt;, una palude che abbiamo esplorato grazie alle canoe che Mimi e Bob ci hanno prestato. A Hpa An in&amp;nbsp;&lt;strong&gt;Myanmar&lt;/strong&gt;&amp;nbsp;ho dovuto salito scalini per tre ore per arrivare al &lt;strong&gt;monastero buddista&lt;/strong&gt; sul cuccuzzolo in cui mi hanno ospitato per la notte e da cui ho goduto di un incredibile tramonto.&lt;/p&gt;&lt;figure class=&quot;image&quot;&gt;&lt;img src=&quot;http://it.thebutterflyhunter.net/wp-content/uploads/2019/07/sack-run.gif&quot; alt=&quot;&quot;&gt;&lt;/figure&gt;&lt;h2&gt;&lt;strong&gt;4. Cucinare&lt;/strong&gt;&lt;/h2&gt;&lt;p&gt;Oltre a mangiare in casa puoi &lt;strong&gt;imparare a cucinare piatti locali&lt;/strong&gt;. In Tailandia ho fatto un corso di cucina, ma non c&rsquo;&egrave; paragone tra il cuoco impostato che insegnava a noi occidentali a pestare la pasta di curry e la&amp;nbsp;&lt;strong&gt;signora Pon che tagliava carne e verdure sul suo ceppo di legno&lt;/strong&gt;, mentre la figlia ed io saltavamo tutto in padella. Ma c&rsquo;&egrave; un&rsquo;altra cosa adoro: &lt;strong&gt;cucinare un piatto del mio paese per loro&lt;/strong&gt;. &Egrave; il mio modo per &lt;strong&gt;ringraziare dell&rsquo;ospitalit&agrave;&lt;/strong&gt; e far conoscere un pezzo d&rsquo;Italia. Per questo ho sempre &lt;strong&gt;nello zaino un paio di pacchi di spaghetti&lt;/strong&gt;. Ma spesso recuperare gli ingredienti basici &egrave; un&rsquo;impresa. A &lt;strong&gt;Sulawesi&lt;/strong&gt; si trovava la pasta di grano duro (!), ma l&rsquo;unico formaggio (intendo proprio l&rsquo;unico) era un un &lt;strong&gt;cheddar sintetico &lt;/strong&gt;e i pomodori erano rinsecchiti. Nonostante i compromessi quando &lt;strong&gt;ho visto la gioia di tutti, specie della piccola &lt;/strong&gt;&lt;a href=&quot;http://it.thebutterflyhunter.net/weekend-con-il-morto-toraja/&quot;&gt;&lt;strong&gt;Rara&lt;/strong&gt;&lt;/a&gt; che a due anni mangiava i suoi primi spaghetti, beh non potete capire la soddisfazione.&lt;/p&gt;&lt;figure class=&quot;image&quot;&gt;&lt;img src=&quot;http://it.thebutterflyhunter.net/wp-content/uploads/2019/07/pon-cooking.gif&quot; alt=&quot;&quot;&gt;&lt;/figure&gt;&lt;h2&gt;&lt;strong&gt;5. Dritte e consigli di prima mano&lt;/strong&gt;&lt;/h2&gt;&lt;p&gt;Va bene consultare tripadvisor, google o qualche blog come the butterfly hunter, ma &lt;strong&gt;i consigli migliori&lt;/strong&gt; te li daranno sempre &lt;strong&gt;in prima persona&lt;/strong&gt; chi ci vive in un posto. Un &lt;strong&gt;ristorante spettacolare&lt;/strong&gt; a Jakarta, i &lt;a href=&quot;http://it.thebutterflyhunter.net/i-15-migliori-dolci-di-strada-mangiati-nel-sud-est-asiatico/&quot;&gt;&lt;strong&gt;dolci pi&ugrave; buoni di Bangkok&lt;/strong&gt;&lt;/a&gt;, il tempio di &lt;a href=&quot;https://www.instagram.com/p/BAv6XcUEbZE/?utm_source=ig_web_copy_link&quot;&gt;Batu&lt;/a&gt; in Malesia, un passaggio per il &lt;a href=&quot;http://it.thebutterflyhunter.net/i-vulcani-di-bromo-e-ijen-in-27-ore-senza-tour-organizzati/&quot;&gt;vulcano Ijen&lt;/a&gt;, il concerto di una &lt;strong&gt;ska band giapponese &lt;/strong&gt;ad Hanoi&amp;nbsp;che suonava &lt;strong&gt;la musica di Lupin III&lt;/strong&gt; e anche come fare una&amp;nbsp;&lt;strong&gt;denuncia per furto&lt;/strong&gt; alla polizia indonesiana sono tra le mille cose che non avrei mai scoperto senza chi mi ha ospitato.&amp;nbsp;&lt;/p&gt;&lt;figure class=&quot;image&quot;&gt;&lt;img src=&quot;http://it.thebutterflyhunter.net/wp-content/uploads/2019/07/light-cars.jpg&quot; alt=&quot;&quot; srcset=&quot;http://it.thebutterflyhunter.net/wp-content/uploads/2019/07/light-cars.jpg 3264w, http://it.thebutterflyhunter.net/wp-content/uploads/2019/07/light-cars-300x225.jpg 300w, http://it.thebutterflyhunter.net/wp-content/uploads/2019/07/light-cars-768x576.jpg 768w, http://it.thebutterflyhunter.net/wp-content/uploads/2019/07/light-cars-1024x768.jpg 1024w&quot; sizes=&quot;100vw&quot; width=&quot;3264&quot;&gt;&lt;/figure&gt;', 1, '2022-05-19 12:10:57'),
(22, 23, 8, 'Come diventare fitness influencer?', '1652955310_img3.jpg', '&lt;p&gt;Ecco come diventare fitness influencer e conquistare la tua fetta di pubblico&lt;/p&gt;&lt;p&gt;Gli influencer che si occupano di fitness stanno letteralmente spopolando sui social. I pi&ugrave; famosi che vantano un grande numero di fan o di follower sulle varie piattaforme riescono a portare a casa un buono stipendio, frutto delle pubblicit&agrave; che passano sui loro canali e anche delle sponsorizzazioni. Ma come si &lt;strong&gt;diventa fitness influencer&lt;/strong&gt;? Quali sono le caratteristiche che spingono gli utenti a trasformarsi in fedeli seguaci?&lt;/p&gt;&lt;h2&gt;Le opportunit&agrave; per gli influencer del fitness&lt;/h2&gt;&lt;p&gt;Alla domanda &lt;strong&gt;come diventare una fitness influencer&lt;/strong&gt; &egrave; necessario rispondere: con una buona dose di motivazione e con tanto impegno! Non basta, infatti, aprire un blog o qualche pagina social per conquistare il pubblico, servono pianificazione, controllo, aggiornamenti continui.&lt;/p&gt;&lt;p&gt;Il &lt;strong&gt;mercato dei fitness influencer vale circa 3,7 trilioni di dollari&lt;/strong&gt; a livello globale. Dalla nota Jane Fonda che negli anni &rsquo;80 promuoveva i suoi corsi di aerobica ad oggi, le cose sono cambiate molto. Se prima per essere seguiti era fondamentale essere gi&agrave; noti, adesso tutti possiamo realizzare il sogno di diventare influencer e vantare un vasto o discreto numero di utenti al seguito. Questo si traduce in una fonte di reddito che varia anche in base al numero dei propri seguaci. Un influencer guadagna in diversi modi:&lt;/p&gt;&lt;ul&gt;&lt;li&gt;dalla pubblicit&agrave; che passa sui suoi canali&lt;/li&gt;&lt;li&gt;dalle sponsorizzazioni&lt;/li&gt;&lt;li&gt;dalle affiliazioni commerciali&lt;/li&gt;&lt;li&gt;dalle collaborazioni con i brand&lt;/li&gt;&lt;/ul&gt;&lt;p&gt;Ci sono, inoltre, anche altri vantaggi, come gli inviti a eventi, i prodotti in regalo, i viaggi e le partecipazioni a campagne pubblicitarie. Se anche tu hai l&rsquo;ambizione di diventare un nome noto sul web, ti spieghiamo &lt;strong&gt;come diventare fitness influencer&lt;/strong&gt;.&lt;/p&gt;&lt;p&gt;&amp;nbsp;&lt;/p&gt;&lt;h2&gt;Consigli utili su come diventare fitness influencer&lt;/h2&gt;&lt;figure class=&quot;image image-style-side&quot;&gt;&lt;img src=&quot;https://blog.anytimefitness.it/wp-content/uploads/2021/11/come-diventare-una-fitness-influencer.jpg&quot; alt=&quot;&quot; srcset=&quot;https://blog.anytimefitness.it/wp-content/uploads/2021/11/come-diventare-una-fitness-influencer.jpg 1200w, https://blog.anytimefitness.it/wp-content/uploads/2021/11/come-diventare-una-fitness-influencer-548x365.jpg 548w, https://blog.anytimefitness.it/wp-content/uploads/2021/11/come-diventare-una-fitness-influencer-768x512.jpg 768w, https://blog.anytimefitness.it/wp-content/uploads/2021/11/come-diventare-una-fitness-influencer-840x560.jpg 840w&quot; sizes=&quot;100vw&quot; width=&quot;1200&quot;&gt;&lt;/figure&gt;&lt;p&gt;Il fitness online si basa su una gestione strategica dei contenuti che deve essere anche creativa. I social sono affollati e per emergere &egrave; necessario essere creativi, sviluppando contenuti unici: non &egrave; detto che i contenuti piacciano a tutti, ma ad una nicchia di utenti di sicuro.&lt;/p&gt;&lt;p&gt;Uno studio sui&lt;strong&gt; fitness brand ambassador&lt;/strong&gt; ha evidenziato agli influencer che, per essere contattati dalle grandi aziende e avviare una partnership retribuita, bastava avere una media di circa 20mila follower.&lt;/p&gt;&lt;p&gt;Come conquistare gli utenti? Creando &lt;strong&gt;contenuti per la propria nicchia&lt;/strong&gt; e anche interagendo con gli altri utenti, facendo parte di gruppi, condividendo e mettendo like ai post degli altri.&lt;/p&gt;&lt;p&gt;Diventare virali &egrave; difficile, potresti creare dei post capaci di conquistare molte condivisioni e like, ma la strategia migliore per costruire una nicchia &egrave; quella di &lt;strong&gt;acquisire i follower nel tempo&lt;/strong&gt;, creando contenuti di qualit&agrave; e stabilendo con i seguaci un rapporto basato sulla trasparenza e sulla fiducia.&lt;/p&gt;&lt;p&gt;Molti fitness influencer hanno alle spalle una storia che li ha portati ad essere tali, c&rsquo;&egrave; chi si &egrave; buttato sull&rsquo;allenamento per superare un problema alimentare e chi per raggiungere il benessere fisico e mentale. &lt;strong&gt;Condividere la propria esperienza&lt;/strong&gt; &egrave; utile a conquistare persone con valori e storie simili.&lt;/p&gt;&lt;h2&gt;Come sfruttare Instagram&lt;/h2&gt;&lt;p&gt;Ecco alcune &lt;strong&gt;strategie&lt;/strong&gt; che puoi mettere in atto &lt;strong&gt;su Instagram&lt;/strong&gt; per conquistare followers ed entrare a far parte della nicchia dei &lt;a href=&quot;https://blog.anytimefitness.it/ecco-le-fitness-influencer-in-italia-da-tenere-docchio/&quot;&gt;fitness influencer di successo&lt;/a&gt;:&lt;/p&gt;&lt;ul&gt;&lt;li&gt;&lt;strong&gt;Pubblica di frequente&lt;/strong&gt;, mostrando la tua routine fatta di allenamenti quotidiani,&lt;a href=&quot;https://blog.anytimefitness.it/i-10-alimenti-piu-ricchi-di-antiossidanti-nella-dieta-mediterranea/&quot;&gt; cibi salutari&lt;/a&gt; o le tue idee per nuovi workout. Per evitare di essere troppo invadente puoi utilizzare lo strumento delle &lt;strong&gt;Stories&lt;/strong&gt;.&lt;/li&gt;&lt;li&gt;&lt;strong&gt;Inserisci gli hashtag&lt;/strong&gt;, scegliendoli coerentemente con i tuoi contenuti e legati alla tua nicchia di follower. Questo aiuter&agrave; altri utenti ad interessarsi ai tuoi temi e a trovare il tuo profilo.&lt;/li&gt;&lt;li&gt;Crea un &lt;strong&gt;contatto con altri fitness influencer&lt;/strong&gt; e interagisci con i loro contenuti.&lt;/li&gt;&lt;/ul&gt;&lt;p&gt;Dialoga con gli utenti, parla dei loro bisogni e prova ad utilizzare terminologie tecniche della disciplina che pratichi.&lt;br&gt;Gli utenti non si conquistano solo online, ma anche offline. Potresti prendere parte a eventi e manifestazioni sportive che offrono agli influencer la possibilit&agrave; di entrare in contatto con le persone.&lt;/p&gt;', 1, '2022-05-19 12:14:39'),
(23, 23, 8, 'Dimagrire con un\'alimentazione sana', '1652955413_img6.webp', '&lt;p&gt;Mangio poco ma non dimagrisco, mangio sano ma non dimagrisco, non mangio carboidrati ma non vedo risultati, ho spesso la pancia gonfia&hellip;&lt;/p&gt;&lt;p&gt;Quante volte ho ripetuto queste frasi, quante volte ho fatto diete restrittive sperando di perdere velocemente quei chiletti in pi&ugrave; in vista della prova costume, quante volte ho perso peso per poi riprenderlo velocemente non appena smettevo la dieta.&lt;/p&gt;&lt;p&gt;Ecco per fare chiarezza e cercare di capire cosa mangiare per tornare in forma, cominciamo con l&rsquo;analizzare &lt;strong&gt;la parola dieta&lt;/strong&gt; che per noi oggi significa regime restrittivo per dimagrire. Se analizziamo l&rsquo;etimologia del termine dieta, dal greco &lt;i&gt;diaita &lt;/i&gt;ovvero stile di vita, ci rendiamo conto che questa parola &lt;strong&gt;inizialmente indicava un modo di vivere non un rimedio temporaneo&lt;/strong&gt; da mettere in pratica dopo i bagordi dei periodi di festa o dopo delle vacanze in cui abbiamo esagerato con alcool e dolci. Insomma, per dieta dobbiamo intendere una corretta alimentazione non un regime punitivo.&lt;/p&gt;&lt;p&gt;Ebbene per tornare in forma e dimenticare le diete restrittive, dobbiamo tornare all&rsquo;antico significato del termine dieta e imparare a mangiare, a scegliere gli alimenti e ad abbinarli. Questo &egrave; il vero segreto per tornare in forma ed essere Snella &amp;amp; Tonica!&lt;/p&gt;&lt;p&gt;Un altro fattore molto importante da considerare &egrave; che spesso associamo al termine dieta la perdita di peso&hellip; nulla di pi&ugrave; sbagliato! Il nostro peso &egrave; infatti definito da pi&ugrave; elementi come la massa grassa, la massa muscolare, l&rsquo;acqua&hellip; Non &egrave; corretto valutarsi solo in base al nostro peso (&egrave; importante sapere che i muscoli pesano tanto rispetto alla massa grassa ma occupano meno spazio, per cui due persone che pesano uguali possono apparire l&rsquo;una pi&ugrave; snella dell&rsquo;altra a seconda della loro composizione corporea).&lt;/p&gt;&lt;p&gt;&lt;strong&gt;Diciamo che il nostro obiettivo non sar&agrave; di perdere peso ma di perdere massa grassa!&lt;/strong&gt;&lt;/p&gt;&lt;p&gt;Quest&rsquo;obiettivo si raggiunge pian piano adottando uno stile di vita sano, facendo esercizio fisico e imparando a scegliere gli alimenti giusti e cosiddetti virtuosi&lt;/p&gt;&lt;p&gt;Premesso che la pasta o il riso integrale, la carne bianca, il pesce, la frutta e le verdure non mancano mai sulla mia tavola, analizziamo e impariamo ad utilizzare alcuni cibi particolarmente virtuosi che spesso non fanno parte delle nostre abitudini&hellip;&lt;/p&gt;&lt;p&gt;&lt;strong&gt;L&rsquo;AVOCADO&lt;/strong&gt;&lt;/p&gt;&lt;p&gt;Esistono diverse qualit&agrave; di avocado ma la mia preferita &egrave; senza dubbio la Hass dalla buccia rugosa e dal colore verde scuro quasi nero quando &egrave; maturo. L&rsquo;avocado &egrave; un amico di chi vuole stare in forma poich&eacute; contiene i grassi buoni e ha propriet&agrave; antiinfiammatorie e antiossidanti aiutandoci a contrastare i radicali liberi e l&rsquo;invecchiamento cellulare. Inoltre, la sua quantit&agrave; di fibre, lo rende un frutto utile anche per chi soffre di stipsi. L&rsquo;avocado abbiamo detto che &egrave; ricco di grassi (buoni ma pur sempre grassi) ed &egrave; per questo che dobbiamo sapere quanto mangiarne. Il consiglio del Dr. Cucinotta &ndash; dietista e nutrizionista sportivo &ndash; &amp;nbsp;&egrave; di mangiarne &frac14;. Attenzione a non utilizzare nello stesso pasto altre fonti di grasso per non eccedere la quantit&agrave; di lipidi.&lt;/p&gt;&lt;p&gt;Come mangiarlo? Se ho poco tempo per il pranzo, adoro spalmarlo su una fetta di pane di segale (60 gr circa) e gustarlo aggiungendo un uovo cotto in camicia.&lt;/p&gt;&lt;p&gt;Un consiglio: molto spesso andando al ristorante si trovano delle pietanze come il poke, molto di moda e dall&rsquo;aspetto apparentemente dietetico. In effetti un poke preparato con riso basmati o riso integrale, avocado e salmone oltre a qualche verdura &egrave; un cibo sano&hellip; fate solo attenzione per&ograve; alle quantit&agrave; (spesso le porzioni sono eccessive) e non abbinate avocado e salmone per non eccedere la quota di grassi. Se scelgo il poke con l&rsquo;avocado, preferisco abbinare del tacchino o del pollo alla griglia.&lt;/p&gt;&lt;p&gt;Occhio anche all&rsquo;olio per condire il tuo poke (io utilizzo lo stesso avocado che frullo con un po&rsquo; di succo di lime o limone per creare una salsina che uso per condire anche l&rsquo;insalata al posto dell&rsquo;olio di oliva).&lt;/p&gt;&lt;p&gt;L&rsquo;avocado, infine, si abbina poi anche molto bene a pesce come i gamberi o il tonno che faccio cuocere sulla griglia o piastra (ne mangio una porzione di 120/150gr) e che condisco con la mia salsina &ldquo;guacamole &ndash; like&rdquo; che preparo con &frac14; di avocado, lime e sale.&lt;/p&gt;', 1, '2022-05-19 12:16:53'),
(24, 37, 7, 'La settima arte: il cinema!', '1652957012_img9.jpg', '&lt;p&gt;Non esiste mezzo migliore per mostrare una realt&agrave;, passata e presente, potente pi&ugrave; di quanto lo sia il cinema.&lt;br&gt;Il cinema appassiona il mondo intero, che sia per un attimo o per una vita.&amp;nbsp;&lt;br&gt;Apre la mente, supera i confini del tangibile e ci porta dove il corpo non pu&ograve; nemmeno immaginare.&amp;nbsp;&lt;br&gt;&quot;Non c&rsquo;&egrave; nessuna forma d&rsquo;arte come il cinema per colpire la coscienza, scuotere le emozioni e raggiungere le stanze segrete dell&rsquo;anima.&quot;&lt;br&gt;(Ingmar Bergman)&lt;/p&gt;', 1, '2022-05-19 12:42:36'),
(25, 23, 4, 'Test', '1652969773_img5.jpg', '&lt;p&gt;TEST&lt;/p&gt;', 1, '2022-05-19 16:16:13'),
(26, 41, 3, 'Perche siamo lontani', '1653684502_612ce3282753c3.37872665.jpg', '&lt;p&gt;asddasdas[plsadp[dlsapdlsapl[daspl[das&lt;/p&gt;', 1, '2022-05-27 22:48:22');

-- --------------------------------------------------------

--
-- Table structure for table `topics`
--

CREATE TABLE `topics` (
  `id` int(11) NOT NULL,
  `name` varchar(100) NOT NULL,
  `description` text NOT NULL
) ENGINE=InnoDB DEFAULT CHARSET=utf8;

--
-- Dumping data for table `topics`
--

INSERT INTO `topics` (`id`, `name`, `description`) VALUES
(2, 'Vita', ''),
(3, 'Citazioni', ''),
(4, 'Finzione', ''),
(5, 'Biografia', ''),
(6, 'Motivazione', ''),
(7, 'Cinema', ''),
(8, 'Fitness', '');

-- --------------------------------------------------------

--
-- Table structure for table `users`
--

CREATE TABLE `users` (
  `id` int(11) NOT NULL,
  `admin` tinyint(4) NOT NULL,
  `username` varchar(255) NOT NULL,
  `email` varchar(255) NOT NULL,
  `password` varchar(255) NOT NULL,
  `created_at` timestamp NOT NULL DEFAULT current_timestamp(),
  `nome` text NOT NULL,
  `cognome` text NOT NULL,
  `dataNascita` date NOT NULL,
  `biografia` text NOT NULL
) ENGINE=InnoDB DEFAULT CHARSET=utf8;

--
-- Dumping data for table `users`
--

INSERT INTO `users` (`id`, `admin`, `username`, `email`, `password`, `created_at`, `nome`, `cognome`, `dataNascita`, `biografia`) VALUES
(23, 1, 'isko1997', 'iskender.n2k3@gmail.com', '$2y$10$/7WzhIvILziLX6XQPLzQV.QjFtdl4LJvSO4hn8bnz7S3eF/iNYX8q', '2022-05-11 02:35:40', 'Iskender', 'Huseynzade', '1997-05-14', 'Ciao mi chiamo Iskandar Huseynzade. Sono studente di Universita di Pisa, Informatica Umanistica.'),
(37, 0, 'auroragiardina', 'a.giardina5@studenti.unipi.it', '$2y$10$fFy77g0f59sufDVv6gK/K.RZgIj5FNItuRlhDjgM4pBxunV7GTwVe', '2022-05-19 10:39:15', 'Aurora', 'Giardina', '1999-05-18', 'Ciao mi chiama Aurora'),
(38, 0, 'test', 'test@gmail.com', '$2y$10$QFvNw6RfYa54PXWwoHglxOb0bOprA5nmO2NahzlKOT75ysY8c/uWa', '2022-05-19 14:07:21', 'Isknd', 'Hsynz', '1997-05-14', 'Test Biography'),
(40, 0, 'admin', 'ihsynzd@hotmail.com', '$2y$10$YoTLcRywvj5tnhZsy/BHeObOFqu.ETXBPHhm0OI4Zi1g5ElrE1/Ta', '2022-05-24 14:17:22', 'Iskandar', 'Huseynzaded', '1997-05-14', 'test bio'),
(41, 0, 'testadmin', 'isk@gmail.com', '$2y$10$bQDeNAN4Af.KFimHeiLNJeKFJzfRnO.WK1pYCAm0S4KJ0p/G7UI6a', '2022-05-26 14:29:32', 'Loki', 'Loko', '0000-00-00', '124214124');

--
-- Indexes for dumped tables
--

--
-- Indexes for table `posts`
--
ALTER TABLE `posts`
  ADD PRIMARY KEY (`id`),
  ADD KEY `topic_id` (`topic_id`);

--
-- Indexes for table `topics`
--
ALTER TABLE `topics`
  ADD PRIMARY KEY (`id`),
  ADD UNIQUE KEY `name` (`name`);

--
-- Indexes for table `users`
--
ALTER TABLE `users`
  ADD PRIMARY KEY (`id`),
  ADD UNIQUE KEY `email` (`email`);

--
-- AUTO_INCREMENT for dumped tables
--

--
-- AUTO_INCREMENT for table `posts`
--
ALTER TABLE `posts`
  MODIFY `id` int(11) NOT NULL AUTO_INCREMENT, AUTO_INCREMENT=27;

--
-- AUTO_INCREMENT for table `topics`
--
ALTER TABLE `topics`
  MODIFY `id` int(11) NOT NULL AUTO_INCREMENT, AUTO_INCREMENT=9;

--
-- AUTO_INCREMENT for table `users`
--
ALTER TABLE `users`
  MODIFY `id` int(11) NOT NULL AUTO_INCREMENT, AUTO_INCREMENT=42;

--
-- Constraints for dumped tables
--

--
-- Constraints for table `posts`
--
ALTER TABLE `posts`
  ADD CONSTRAINT `posts_ibfk_1` FOREIGN KEY (`topic_id`) REFERENCES `topics` (`id`) ON DELETE SET NULL ON UPDATE CASCADE;
COMMIT;

/*!40101 SET CHARACTER_SET_CLIENT=@OLD_CHARACTER_SET_CLIENT */;
/*!40101 SET CHARACTER_SET_RESULTS=@OLD_CHARACTER_SET_RESULTS */;
/*!40101 SET COLLATION_CONNECTION=@OLD_COLLATION_CONNECTION */;
